IndicatorName,['Ukraine', 'Dominican Republic', 'Faeroe Islands', 'Nauru', 'Libya', 'French Polynesia', 'Belize', 'Pakistan', 'Thailand', 'Benin', 'Saudi Arabia', 'Honduras', 'Denmark', 'Jersey', 'Aland Islands', 'Mongolia', 'Greenland', 'Sao Tome and Principe', 'West Bank and Gaza Strip', 'Uzbekistan', 'Chad', 'Namibia', 'Iraq', 'Swaziland', 'Iran', 'Montenegro', 'Saint Lucia', 'Solomon Islands', 'Austria', 'Cyprus', 'Gambia', 'French Guiana', 'Lesotho', 'Antigua and Barbuda', 'Sierra Leone', 'Somalia', 'Mexico', 'Channel Islands', 'Oman', 'Eritrea and Ethiopia', 'Timor-Leste', 'Tuvalu', 'Armenia', 'Nigeria', 'Kenya', 'Estonia', 'Netherlands Antilles', 'Saint Helena', 'Liberia', 'Comoros', 'Lithuania', 'Pitcairn', 'San Marino', 'Malta', 'Tajikistan', 'Jordan', 'United States of America', 'Bulgaria', 'Samoa', 'Azerbaijan', 'Guernsey', 'Paraguay', 'Sri Lanka', 'Togo', 'Norfolk Island', 'Ecuador', 'Anguilla', 'Cameroon', 'Andorra', 'Egypt', 'Seychelles', 'Falkland Islands (Malvinas)', 'Mauritania', 'Angola', 'Afghanistan', 'Vietnam', 'Costa Rica', 'Qatar', 'Tunisia', 'Bolivia', 'Portugal', 'Trinidad and Tobago', 'Haiti', 'Gibraltar', 'South Africa', 'Vanuatu', 'Guam', 'Malawi', 'New Zealand', 'Hungary', 'Cuba', 'Hong Kong China', 'Niger', 'Monaco', 'Macao  China', 'Slovenia', 'Brazil', 'Czech Republic', 'Grenada', 'Bahrain', 'Ireland', 'Rwanda', 'Serbia', 'Finland', 'India', 'Panama', 'Burkina Faso', 'Djibouti', "Cote d'Ivoire", 'Germany', 'Romania', 'Nepal', 'Bhutan', 'Jamaica', 'Morocco', 'Slovak Republic', 'Barbados', 'North Korea', 'Lao', 'Belarus', 'Ethiopia', 'Kazakhstan', 'Zambia', 'Turkey', 'China', 'Latvia', 'Cook Islands', 'Russian Federation', 'Sudan', 'Burundi', 'Georgia', 'Albania', 'Saint-Pierre-et-Miquelon', 'East Germany', 'Wallis et Futuna', 'Uganda', 'Philippines', 'Guinea', 'Iceland', 'Bangladesh', 'Niue', 'American Samoa', 'Lebanon', 'Brunei', 'Guatemala', 'Kiribati', 'Senegal', 'Aruba', 'Mali', 'Italy', 'United Kingdom', 'Spain', 'United Arab Emirates', 'Yemen', 'Poland', 'Saint Vincent and the Grenadines', 'Peru', 'Belgium', 'Turks and Caicos Islands', 'Holy See', 'Bosnia and Herzegovina', 'Canada', 'Malaysia', 'Papua New Guinea', 'Guyana', 'Saint Kitts and Nevis', 'Gabon', 'Norway', 'Suriname', 'Eritrea', 'Cayman Islands', 'France', 'Central African Republic', 'Guinea-Bissau', 'Indonesia', 'Colombia', 'South Sudan', 'Sweden', 'Dominica', 'Maldives', 'Bahamas', 'Western Sahara', 'Puerto Rico', 'Turkmenistan', 'New Caledonia', 'Japan', 'Marshall Islands', 'Luxembourg', 'El Salvador', 'Mayotte', 'Guadeloupe', 'Northern Mariana Islands', 'Cambodia', 'Bermuda', 'Botswana', 'Ghana', 'Croatia', 'Montserrat', 'Mozambique', 'Switzerland', 'Uruguay', 'Madagascar', 'Zimbabwe', 'Tokelau', 'Venezuela', 'Singapore', 'Algeria', 'Liechtenstein', 'Chile', 'Netherlands', 'Martinique', 'Taiwan', 'Kuwait', 'British Virgin Islands', 'Australia', 'Tonga', 'Argentina', 'Equatorial Guinea', 'Greece', 'Fiji', 'Kyrgyzstan', 'Mauritius', 'Isle of Man', 'Nicaragua', 'Palau', 'Myanmar', 'Israel']
AgriculturalLand,[130, 177, 38, 0, 58, 68, 48, 131, 139, 99, 190, 123, 210, 1, 2, 225, 34, 158, 204, 127, 144, 169, 98, 220, 140, 49, 125, 39, 153, 86, 197, 3, 221, 118, 147, 215, 178, 151, 44, 4, 93, 193, 104, 222, 164, 63, 5, 6, 113, 211, 100, 7, 82, 141, 76, 70, 167, 180, 111, 110, 8, 148, 142, 192, 9, 108, 10, 88, 155, 42, 61, 11, 143, 166, 189, 106, 146, 47, 194, 128, 152, 79, 195, 12, 223, 69, 132, 163, 183, 216, 184, 13, 116, 14, 15, 67, 117, 97, 161, 65, 217, 214, 60, 55, 200, 114, 136, 205, 188, 176, 206, 121, 62, 159, 207, 84, 156, 16, 17, 94, 71, 138, 122, 174, 173, 73, 18, 50, 175, 224, 87, 150, 19, 20, 21, 191, 133, 187, 102, 218, 22, 96, 202, 41, 135, 165, 168, 64, 124, 185, 219, 203, 45, 23, 199, 120, 78, 75, 35, 24, 91, 52, 90, 37, 56, 149, 92, 43, 33, 126, 57, 182, 54, 179, 103, 145, 25, 59, 112, 115, 36, 26, 157, 129, 74, 80, 119, 77, 212, 171, 27, 40, 101, 83, 162, 186, 72, 28, 201, 160, 226, 208, 134, 29, 105, 51, 85, 172, 95, 198, 30, 31, 53, 32, 196, 154, 170, 66, 213, 89, 109, 181, 209, 137, 46, 81, 107]
BodyMassIndex_M,[80, 107, 226, 0, 61, 2, 50, 140, 141, 149, 17, 104, 77, 225, 224, 105, 71, 130, 56, 87, 172, 148, 40, 132, 98, 43, 111, 52, 58, 23, 173, 223, 161, 90, 138, 152, 34, 222, 88, 221, 178, 220, 97, 137, 164, 74, 27, 219, 151, 150, 32, 218, 217, 12, 109, 28, 8, 44, 3, 86, 216, 94, 159, 155, 215, 89, 214, 128, 15, 59, 106, 213, 146, 154, 165, 182, 78, 18, 113, 115, 48, 66, 124, 212, 93, 76, 211, 157, 21, 30, 108, 210, 170, 209, 208, 20, 101, 9, 103, 39, 13, 136, 36, 38, 169, 83, 175, 129, 142, 24, 85, 174, 133, 126, 95, 31, 68, 207, 206, 69, 183, 70, 181, 75, 131, 62, 205, 73, 153, 156, 82, 60, 204, 203, 202, 144, 134, 145, 37, 179, 201, 200, 54, 114, 100, 6, 160, 199, 166, 46, 33, 26, 14, 198, 49, 102, 110, 42, 197, 196, 55, 19, 122, 116, 125, 11, 123, 51, 99, 176, 195, 72, 167, 158, 168, 117, 194, 63, 118, 139, 45, 193, 16, 91, 192, 127, 7, 29, 79, 191, 190, 189, 180, 10, 171, 143, 47, 188, 163, 57, 67, 162, 147, 187, 35, 121, 120, 186, 53, 81, 185, 119, 5, 65, 25, 1, 22, 135, 64, 92, 96, 112, 184, 84, 4, 177, 41]
BodyMassIndex_F,[51, 107, 226, 0, 17, 4, 19, 139, 134, 145, 15, 98, 122, 225, 224, 100, 43, 133, 24, 115, 176, 126, 22, 25, 89, 73, 69, 35, 118, 99, 143, 223, 57, 50, 140, 156, 30, 222, 58, 221, 173, 220, 42, 138, 152, 92, 13, 219, 147, 158, 46, 218, 217, 38, 128, 8, 31, 81, 2, 34, 216, 113, 149, 163, 215, 53, 214, 130, 55, 16, 39, 213, 117, 161, 172, 180, 83, 20, 40, 88, 78, 26, 151, 212, 14, 59, 211, 157, 62, 79, 86, 210, 170, 209, 208, 41, 105, 36, 66, 28, 74, 166, 67, 87, 171, 61, 175, 132, 142, 85, 94, 182, 162, 54, 101, 47, 18, 207, 206, 45, 181, 65, 148, 23, 146, 84, 205, 32, 153, 178, 60, 91, 204, 203, 202, 165, 144, 164, 93, 183, 201, 200, 48, 135, 104, 9, 136, 199, 168, 109, 71, 70, 11, 198, 72, 63, 77, 103, 197, 196, 75, 76, 124, 129, 97, 10, 125, 112, 44, 179, 195, 120, 167, 154, 160, 96, 194, 114, 27, 121, 21, 193, 12, 123, 192, 159, 7, 90, 64, 191, 190, 189, 174, 6, 108, 141, 106, 188, 155, 127, 102, 177, 110, 187, 37, 131, 95, 186, 49, 116, 185, 137, 3, 29, 80, 1, 68, 150, 119, 33, 82, 111, 184, 52, 5, 169, 56]
Cellphones,[160, 0, 199, 1, 154, 135, 115, 98, 149, 92, 186, 129, 215, 2, 3, 121, 177, 82, 89, 94, 61, 102, 106, 99, 110, 219, 4, 48, 218, 167, 120, 5, 81, 209, 63, 52, 131, 6, 168, 7, 54, 50, 95, 90, 91, 203, 8, 9, 68, 56, 207, 10, 162, 174, 100, 143, 175, 192, 117, 126, 11, 150, 107, 75, 12, 134, 13, 87, 161, 105, 185, 14, 116, 88, 71, 128, 101, 179, 138, 112, 216, 191, 84, 15, 153, 64, 136, 53, 193, 201, 46, 16, 55, 146, 17, 198, 139, 18, 123, 210, 206, 58, 165, 224, 77, 163, 65, 60, 108, 208, 164, 59, 86, 166, 130, 180, 178, 19, 20, 132, 45, 140, 76, 158, 111, 169, 21, 190, 74, 49, 119, 122, 22, 23, 24, 72, 137, 73, 212, 78, 25, 51, 104, 183, 155, 43, 96, 194, 69, 226, 217, 202, 223, 79, 182, 26, 125, 200, 27, 28, 141, 145, 171, 57, 118, 29, 147, 214, 181, 44, 221, 184, 30, 85, 114, 142, 31, 213, 189, 188, 170, 32, 148, 67, 151, 187, 47, 225, 159, 33, 34, 93, 83, 197, 133, 97, 173, 35, 66, 205, 152, 70, 62, 36, 156, 220, 127, 176, 157, 211, 37, 38, 195, 39, 196, 103, 172, 80, 204, 124, 40, 144, 41, 109, 113, 42, 222]
ChildrenPerWoman,[172, 81, 226, 225, 43, 109, 67, 47, 119, 22, 39, 44, 167, 224, 223, 73, 118, 49, 14, 84, 9, 61, 34, 45, 72, 146, 92, 41, 177, 145, 37, 106, 71, 133, 27, 3, 89, 184, 24, 222, 36, 221, 139, 20, 12, 176, 132, 220, 23, 30, 164, 219, 218, 151, 59, 29, 148, 173, 35, 121, 217, 75, 120, 25, 216, 85, 215, 38, 214, 77, 115, 213, 33, 5, 1, 96, 103, 70, 88, 60, 154, 128, 63, 212, 90, 54, 113, 8, 144, 178, 141, 211, 0, 210, 209, 174, 110, 170, 102, 83, 138, 2, 155, 161, 91, 107, 15, 46, 13, 185, 159, 69, 57, 114, 74, 153, 142, 208, 207, 165, 10, 129, 11, 101, 123, 183, 206, 166, 28, 4, 150, 111, 205, 204, 203, 6, 65, 32, 140, 66, 202, 201, 116, 95, 48, 68, 16, 134, 7, 181, 163, 162, 79, 200, 156, 93, 82, 168, 199, 198, 147, 152, 104, 62, 112, 197, 80, 157, 100, 21, 196, 158, 51, 31, 105, 97, 18, 169, 195, 53, 131, 76, 137, 87, 117, 180, 194, 182, 86, 17, 122, 193, 56, 192, 64, 42, 171, 191, 26, 179, 143, 19, 40, 190, 94, 136, 52, 189, 126, 160, 127, 130, 78, 188, 149, 55, 135, 50, 175, 99, 108, 125, 187, 58, 186, 98, 124]
CO2Emissions,[69, 226, 22, 18, 35, 90, 110, 150, 99, 167, 17, 132, 21, 225, 224, 71, 25, 148, 176, 95, 192, 145, 78, 139, 60, 117, 223, 157, 37, 55, 170, 65, 222, 58, 166, 184, 70, 221, 43, 220, 191, 219, 144, 143, 160, 52, 11, 218, 155, 177, 98, 217, 216, 61, 164, 86, 6, 42, 142, 92, 215, 146, 158, 168, 214, 104, 119, 165, 87, 107, 75, 1, 138, 131, 180, 140, 114, 0, 103, 123, 67, 9, 174, 46, 28, 149, 213, 181, 41, 44, 82, 212, 183, 211, 210, 73, 106, 209, 115, 7, 29, 185, 129, 26, 127, 100, 188, 128, 153, 15, 50, 186, 163, 74, 122, 77, 76, 47, 208, 81, 187, 54, 152, 88, 89, 105, 109, 56, 162, 193, 141, 101, 207, 13, 159, 182, 130, 172, 30, 175, 113, 206, 80, 5, 137, 154, 156, 23, 190, 45, 19, 53, 3, 147, 24, 205, 111, 16, 121, 204, 91, 8, 72, 151, 94, 203, 66, 34, 59, 189, 36, 33, 202, 173, 124, 102, 201, 32, 125, 120, 14, 133, 200, 63, 12, 31, 134, 2, 135, 199, 83, 198, 179, 40, 112, 161, 96, 57, 169, 49, 93, 178, 116, 197, 39, 27, 85, 196, 79, 20, 64, 48, 4, 84, 10, 126, 62, 97, 51, 118, 195, 108, 194, 136, 68, 171, 38]
DemocracyScore,[61, 175, 92, 93, 7, 94, 95, 177, 167, 87, 0, 184, 210, 96, 97, 80, 98, 99, 100, 3, 37, 180, 15, 20, 12, 50, 101, 190, 211, 204, 176, 102, 165, 103, 82, 76, 77, 104, 1, 105, 171, 106, 45, 86, 67, 65, 107, 108, 49, 166, 81, 109, 110, 111, 21, 23, 212, 69, 112, 10, 113, 58, 201, 33, 114, 192, 115, 27, 116, 19, 117, 118, 26, 53, 5, 34, 213, 8, 24, 178, 186, 202, 32, 119, 196, 120, 121, 52, 214, 88, 11, 122, 62, 123, 124, 89, 182, 85, 125, 16, 215, 35, 47, 216, 207, 173, 41, 63, 28, 217, 64, 44, 2, 206, 13, 83, 126, 127, 128, 17, 29, 14, 71, 198, 6, 66, 129, 51, 46, 56, 54, 42, 130, 18, 131, 59, 188, 30, 132, 91, 133, 134, 179, 135, 172, 136, 90, 137, 74, 218, 219, 189, 25, 138, 78, 139, 185, 209, 140, 141, 40, 220, 193, 183, 170, 142, 22, 221, 174, 60, 143, 205, 43, 75, 57, 197, 144, 222, 145, 146, 147, 148, 149, 4, 150, 223, 151, 152, 181, 153, 154, 155, 48, 156, 194, 70, 55, 157, 79, 224, 195, 169, 68, 158, 200, 72, 36, 159, 191, 225, 160, 73, 9, 161, 226, 162, 168, 39, 199, 187, 31, 203, 163, 84, 164, 38, 208]
EnergyUsePerPerson,[47, 226, 225, 224, 31, 223, 135, 106, 71, 114, 21, 96, 19, 222, 221, 76, 220, 142, 219, 62, 218, 117, 67, 139, 49, 124, 217, 145, 23, 45, 147, 216, 151, 103, 215, 214, 55, 213, 32, 212, 149, 211, 101, 80, 102, 41, 210, 209, 208, 150, 54, 207, 206, 51, 126, 69, 3, 30, 140, 68, 205, 83, 111, 110, 204, 87, 203, 107, 202, 91, 74, 201, 200, 89, 199, 115, 79, 0, 86, 104, 46, 9, 122, 198, 34, 144, 197, 196, 20, 33, 59, 195, 194, 193, 192, 44, 64, 191, 129, 7, 28, 190, 60, 10, 108, 75, 189, 143, 93, 16, 39, 119, 141, 56, 118, 26, 109, 57, 188, 52, 120, 42, 82, 61, 72, 63, 187, 36, 105, 186, 98, 78, 185, 184, 183, 182, 100, 181, 2, 136, 180, 179, 65, 8, 94, 146, 123, 178, 177, 29, 17, 35, 6, 133, 27, 176, 95, 13, 175, 174, 85, 5, 53, 173, 130, 172, 50, 14, 113, 138, 171, 18, 170, 148, 92, 84, 169, 11, 132, 125, 90, 168, 167, 43, 166, 24, 134, 1, 88, 165, 164, 163, 137, 162, 81, 112, 66, 161, 99, 25, 70, 160, 73, 159, 38, 22, 77, 158, 58, 15, 157, 156, 4, 155, 12, 131, 48, 116, 40, 128, 154, 127, 153, 97, 152, 121, 37]
Exports,[124, 0, 1, 2, 126, 55, 188, 79, 191, 87, 200, 186, 185, 3, 4, 149, 5, 57, 62, 96, 134, 180, 6, 222, 114, 78, 7, 117, 183, 182, 170, 8, 161, 198, 121, 75, 107, 9, 204, 10, 11, 12, 76, 165, 152, 156, 13, 14, 206, 70, 125, 15, 16, 219, 135, 176, 67, 172, 83, 146, 17, 163, 162, 190, 18, 154, 19, 131, 20, 127, 215, 21, 197, 187, 99, 153, 174, 120, 181, 128, 142, 203, 60, 22, 160, 166, 23, 140, 137, 201, 116, 24, 103, 25, 26, 155, 69, 27, 148, 221, 214, 74, 65, 169, 72, 207, 66, 105, 192, 136, 89, 80, 119, 195, 139, 178, 212, 28, 29, 158, 61, 144, 189, 88, 97, 129, 30, 106, 85, 68, 95, 86, 31, 32, 33, 101, 167, 91, 177, 71, 34, 35, 64, 213, 112, 108, 141, 210, 102, 122, 143, 111, 104, 94, 90, 36, 109, 218, 37, 38, 84, 164, 223, 202, 224, 39, 209, 194, 193, 59, 40, 123, 41, 92, 147, 93, 73, 175, 159, 217, 179, 42, 220, 171, 63, 81, 43, 225, 145, 44, 45, 46, 150, 56, 199, 130, 115, 47, 82, 184, 118, 113, 133, 48, 157, 226, 168, 49, 151, 211, 50, 51, 216, 52, 98, 100, 77, 208, 110, 205, 53, 196, 54, 138, 132, 58, 173]
Femalesaged25to54labourforceparticipationrate,[211, 93, 0, 1, 60, 126, 77, 55, 196, 124, 58, 85, 206, 2, 3, 161, 4, 106, 54, 189, 140, 146, 56, 177, 65, 5, 113, 141, 156, 144, 169, 151, 178, 6, 190, 110, 82, 7, 61, 8, 130, 9, 192, 96, 194, 208, 145, 10, 127, 164, 219, 11, 12, 59, 179, 57, 165, 205, 115, 193, 13, 155, 95, 117, 14, 84, 15, 143, 16, 63, 17, 18, 154, 184, 66, 213, 91, 81, 62, 135, 162, 131, 89, 19, 133, 200, 134, 210, 153, 166, 121, 20, 83, 21, 22, 204, 107, 202, 23, 72, 104, 225, 24, 207, 78, 103, 201, 160, 94, 158, 180, 119, 70, 191, 64, 217, 197, 25, 26, 223, 168, 218, 139, 67, 212, 215, 27, 216, 71, 226, 174, 157, 28, 29, 30, 220, 116, 222, 203, 136, 31, 32, 69, 123, 74, 33, 152, 34, 79, 111, 163, 105, 73, 35, 181, 114, 132, 148, 36, 37, 198, 172, 100, 185, 98, 38, 167, 187, 101, 129, 39, 173, 170, 125, 109, 149, 40, 214, 41, 75, 183, 42, 92, 195, 108, 142, 43, 122, 112, 44, 176, 45, 199, 46, 120, 209, 171, 47, 224, 159, 150, 221, 175, 48, 99, 128, 68, 49, 90, 138, 188, 50, 88, 51, 147, 87, 102, 80, 118, 76, 186, 97, 52, 86, 53, 182, 137]
Forestarea,[177, 128, 35, 0, 85, 78, 121, 131, 198, 161, 113, 165, 99, 1, 2, 183, 36, 66, 52, 144, 186, 170, 107, 102, 180, 103, 73, 135, 154, 83, 97, 3, 72, 54, 142, 169, 217, 40, 44, 4, 110, 41, 87, 189, 151, 134, 5, 6, 159, 50, 129, 7, 8, 37, 95, 77, 223, 148, 82, 112, 9, 199, 130, 100, 10, 185, 11, 202, 59, 75, 71, 12, 89, 213, 118, 184, 136, 13, 108, 214, 149, 86, 79, 14, 167, 96, 64, 150, 171, 126, 137, 15, 117, 16, 17, 116, 225, 139, 61, 39, 104, 92, 138, 203, 216, 147, 163, 48, 179, 181, 164, 156, 143, 91, 160, 127, 51, 18, 19, 172, 191, 146, 212, 178, 222, 145, 20, 226, 219, 84, 140, 106, 21, 22, 23, 155, 168, 166, 62, 120, 24, 63, 80, 94, 158, 56, 174, 38, 190, 173, 141, 196, 88, 25, 175, 65, 218, 105, 68, 26, 133, 224, 200, 207, 193, 55, 201, 176, 192, 122, 57, 194, 204, 132, 220, 215, 27, 206, 74, 42, 101, 28, 98, 157, 109, 205, 58, 76, 90, 60, 29, 67, 182, 43, 187, 162, 125, 30, 210, 115, 119, 188, 197, 31, 211, 45, 123, 49, 195, 93, 32, 33, 47, 34, 221, 53, 208, 124, 152, 114, 111, 69, 46, 153, 70, 209, 81]
GDPpercapita,[93, 0, 177, 1, 146, 193, 150, 86, 129, 73, 185, 121, 217, 2, 3, 74, 196, 55, 85, 78, 62, 132, 66, 114, 133, 99, 4, 92, 209, 182, 94, 5, 72, 174, 69, 6, 169, 195, 176, 7, 46, 101, 83, 81, 82, 140, 8, 9, 88, 68, 139, 10, 210, 173, 47, 131, 220, 124, 111, 95, 11, 125, 102, 71, 12, 126, 13, 100, 197, 120, 170, 14, 96, 61, 15, 64, 162, 186, 136, 117, 181, 175, 56, 16, 160, 113, 17, 49, 184, 166, 151, 207, 63, 226, 191, 168, 159, 18, 155, 180, 198, 67, 87, 208, 79, 163, 58, 80, 107, 203, 130, 59, 89, 156, 123, 164, 179, 19, 53, 108, 45, 109, 91, 161, 105, 158, 20, 115, 77, 51, 122, 110, 21, 22, 23, 52, 116, 60, 218, 76, 24, 25, 152, 202, 134, 106, 97, 188, 57, 199, 214, 192, 222, 65, 144, 26, 148, 206, 27, 28, 103, 213, 153, 104, 112, 29, 167, 219, 135, 44, 30, 204, 31, 48, 98, 147, 32, 216, 157, 119, 211, 33, 194, 84, 189, 221, 128, 223, 141, 34, 35, 36, 50, 224, 142, 70, 145, 37, 54, 215, 172, 75, 90, 38, 171, 201, 137, 225, 165, 212, 39, 40, 183, 41, 205, 118, 178, 143, 187, 138, 42, 149, 190, 127, 154, 43, 200]
Governmenthealthspendingperpersontotal,[125, 0, 1, 177, 158, 2, 135, 62, 124, 80, 170, 115, 223, 3, 4, 108, 5, 100, 6, 91, 66, 141, 119, 123, 128, 163, 7, 118, 219, 189, 73, 8, 99, 173, 55, 54, 157, 9, 168, 10, 104, 182, 102, 90, 76, 185, 11, 12, 61, 85, 178, 13, 216, 196, 64, 144, 215, 148, 132, 94, 14, 117, 93, 70, 15, 114, 16, 75, 205, 103, 175, 17, 89, 120, 53, 83, 169, 197, 133, 110, 201, 165, 68, 18, 146, 121, 19, 71, 204, 187, 172, 20, 65, 224, 21, 200, 156, 22, 150, 184, 213, 79, 162, 208, 69, 164, 82, 107, 81, 217, 160, 63, 116, 139, 105, 188, 186, 23, 24, 145, 60, 136, 96, 167, 111, 174, 171, 159, 86, 59, 97, 122, 25, 26, 27, 67, 88, 56, 222, 106, 198, 28, 153, 190, 113, 138, 92, 29, 78, 206, 209, 203, 195, 87, 183, 30, 134, 214, 31, 32, 149, 210, 142, 98, 127, 33, 126, 225, 143, 58, 34, 218, 35, 57, 84, 154, 36, 220, 151, 152, 192, 37, 38, 109, 39, 211, 181, 226, 131, 40, 41, 42, 72, 43, 166, 95, 193, 44, 77, 221, 180, 74, 101, 45, 147, 179, 129, 46, 161, 212, 47, 48, 194, 49, 207, 140, 176, 155, 202, 130, 50, 137, 51, 112, 191, 52, 199]
Hightotechnologyexports,[141, 127, 116, 0, 1, 190, 70, 96, 215, 72, 89, 102, 209, 2, 3, 85, 193, 69, 4, 5, 6, 110, 7, 77, 98, 8, 186, 9, 192, 195, 166, 10, 78, 73, 205, 11, 200, 12, 132, 13, 14, 124, 108, 91, 137, 188, 15, 16, 17, 80, 164, 18, 19, 225, 217, 126, 220, 144, 83, 120, 20, 149, 106, 113, 21, 155, 22, 111, 203, 90, 115, 23, 24, 25, 26, 150, 219, 68, 135, 202, 171, 93, 167, 27, 163, 84, 28, 100, 180, 207, 185, 29, 172, 30, 31, 157, 189, 184, 179, 95, 222, 162, 32, 208, 169, 107, 142, 33, 170, 199, 151, 66, 71, 82, 159, 143, 197, 34, 35, 121, 139, 187, 104, 123, 210, 154, 36, 178, 94, 136, 183, 109, 37, 38, 39, 118, 226, 76, 213, 81, 40, 41, 114, 131, 158, 42, 148, 43, 147, 181, 218, 175, 101, 44, 140, 67, 134, 161, 174, 45, 117, 198, 224, 221, 88, 87, 196, 201, 153, 46, 47, 211, 79, 122, 191, 165, 48, 204, 130, 49, 99, 50, 51, 133, 92, 214, 52, 168, 146, 119, 53, 54, 74, 55, 86, 112, 177, 56, 160, 212, 128, 97, 156, 57, 129, 223, 103, 58, 145, 216, 59, 60, 105, 61, 194, 62, 176, 63, 182, 152, 173, 138, 64, 125, 65, 75, 206]
Hourlycompensation,[226, 225, 224, 223, 222, 221, 220, 219, 218, 217, 216, 215, 1, 214, 213, 212, 211, 210, 209, 208, 207, 206, 205, 204, 203, 202, 201, 200, 6, 199, 198, 197, 196, 195, 194, 193, 28, 192, 191, 190, 189, 188, 187, 186, 185, 184, 183, 182, 181, 180, 179, 178, 177, 176, 175, 174, 9, 173, 172, 171, 170, 169, 31, 168, 167, 166, 165, 164, 163, 162, 161, 160, 159, 158, 157, 156, 155, 154, 153, 152, 23, 151, 150, 149, 148, 147, 146, 145, 19, 25, 144, 143, 142, 141, 140, 139, 27, 26, 138, 137, 17, 136, 135, 7, 134, 133, 132, 131, 130, 11, 129, 128, 127, 126, 125, 124, 123, 122, 121, 120, 119, 118, 117, 116, 115, 114, 113, 112, 111, 110, 109, 108, 107, 106, 105, 104, 30, 103, 102, 101, 100, 99, 98, 97, 96, 95, 94, 93, 92, 10, 16, 18, 91, 90, 29, 89, 88, 5, 87, 86, 85, 12, 84, 83, 82, 81, 80, 0, 79, 78, 77, 13, 76, 75, 74, 73, 72, 3, 71, 70, 69, 68, 67, 66, 65, 14, 64, 8, 63, 62, 61, 60, 59, 58, 57, 56, 55, 54, 53, 2, 52, 51, 50, 49, 48, 22, 47, 46, 45, 4, 44, 24, 43, 42, 15, 41, 40, 39, 20, 38, 37, 36, 35, 34, 33, 32, 21]
Imports,[136, 65, 226, 225, 168, 171, 40, 151, 44, 102, 107, 30, 52, 224, 223, 62, 222, 221, 110, 157, 80, 50, 220, 5, 148, 132, 28, 77, 54, 41, 26, 219, 1, 23, 103, 84, 147, 218, 79, 217, 216, 215, 134, 118, 68, 72, 214, 213, 7, 90, 117, 212, 211, 6, 69, 16, 169, 56, 145, 146, 210, 64, 51, 36, 209, 95, 208, 130, 207, 87, 9, 206, 18, 97, 115, 83, 45, 170, 53, 126, 70, 38, 156, 205, 104, 63, 204, 49, 123, 29, 114, 203, 121, 202, 201, 106, 173, 94, 43, 20, 15, 135, 159, 88, 165, 27, 122, 113, 71, 125, 150, 142, 82, 22, 76, 58, 8, 200, 199, 92, 164, 143, 47, 154, 162, 112, 198, 166, 149, 127, 111, 99, 197, 196, 195, 128, 73, 158, 48, 152, 194, 193, 124, 141, 108, 14, 59, 10, 100, 139, 105, 140, 161, 192, 160, 33, 144, 12, 191, 190, 91, 98, 11, 31, 3, 32, 46, 67, 24, 120, 189, 131, 86, 57, 129, 155, 188, 74, 39, 13, 60, 187, 4, 116, 163, 167, 186, 2, 61, 185, 184, 183, 81, 175, 25, 75, 137, 182, 119, 66, 133, 85, 101, 181, 138, 0, 89, 180, 109, 19, 179, 178, 78, 177, 153, 42, 172, 21, 93, 17, 96, 35, 176, 34, 55, 174, 37]
IncomePerPerson,[97, 102, 0, 161, 180, 203, 120, 40, 77, 61, 172, 99, 211, 1, 2, 80, 212, 38, 86, 55, 63, 115, 159, 75, 155, 157, 95, 39, 219, 183, 35, 149, 47, 179, 26, 27, 163, 3, 151, 4, 53, 72, 117, 43, 62, 167, 192, 57, 32, 67, 175, 5, 181, 173, 69, 105, 189, 152, 79, 119, 214, 76, 56, 29, 6, 142, 193, 78, 222, 104, 130, 7, 70, 135, 66, 31, 140, 215, 83, 101, 143, 121, 74, 8, 112, 71, 9, 33, 197, 177, 148, 198, 41, 217, 204, 156, 146, 188, 126, 201, 196, 22, 127, 200, 64, 103, 48, 93, 82, 209, 116, 45, 81, 147, 92, 136, 176, 10, 11, 141, 28, 150, 36, 91, 89, 162, 12, 128, 54, 24, 111, 133, 13, 14, 65, 23, 60, 44, 208, 50, 15, 170, 138, 224, 118, 109, 42, 207, 37, 195, 171, 158, 182, 16, 125, 85, 98, 206, 160, 17, 113, 213, 144, 46, 94, 110, 178, 184, 96, 25, 220, 205, 52, 34, 84, 123, 49, 174, 132, 87, 199, 18, 137, 90, 216, 202, 134, 221, 124, 19, 122, 107, 58, 223, 139, 59, 166, 164, 30, 185, 114, 68, 21, 20, 129, 168, 153, 225, 154, 210, 169, 145, 226, 191, 218, 73, 186, 108, 187, 100, 88, 131, 194, 106, 165, 51, 190]
Incomeshareofpoorest10pct,[216, 161, 0, 1, 2, 3, 4, 5, 204, 6, 7, 153, 8, 9, 10, 11, 12, 13, 14, 226, 15, 16, 17, 18, 19, 20, 21, 22, 188, 23, 24, 25, 26, 27, 28, 29, 187, 30, 31, 32, 33, 34, 178, 172, 157, 217, 35, 36, 37, 146, 218, 38, 39, 40, 171, 193, 158, 41, 42, 43, 44, 45, 203, 46, 47, 48, 49, 184, 50, 210, 51, 52, 185, 145, 53, 168, 155, 54, 169, 55, 56, 191, 57, 58, 151, 59, 60, 165, 61, 177, 62, 63, 206, 64, 65, 173, 160, 224, 66, 67, 182, 163, 68, 199, 69, 149, 70, 183, 211, 186, 213, 194, 71, 195, 72, 220, 73, 74, 75, 221, 197, 214, 156, 76, 77, 215, 78, 198, 79, 212, 180, 80, 81, 82, 83, 208, 202, 84, 85, 219, 86, 87, 88, 89, 150, 90, 91, 92, 93, 167, 94, 175, 95, 96, 201, 97, 159, 189, 98, 99, 162, 176, 200, 170, 100, 101, 102, 196, 103, 104, 105, 106, 107, 108, 109, 147, 110, 192, 111, 112, 113, 114, 115, 225, 116, 117, 118, 190, 148, 119, 120, 121, 166, 122, 123, 209, 223, 124, 125, 181, 179, 207, 126, 127, 152, 128, 205, 129, 154, 130, 131, 132, 133, 134, 135, 136, 164, 137, 174, 138, 222, 139, 140, 141, 142, 143, 144]
Incomeshareofrichest10pct,[195, 218, 0, 1, 2, 3, 4, 5, 220, 6, 7, 221, 8, 9, 10, 11, 12, 13, 14, 175, 15, 16, 17, 18, 19, 20, 21, 22, 152, 23, 24, 25, 26, 27, 28, 29, 224, 30, 31, 32, 33, 34, 192, 189, 223, 186, 35, 36, 37, 185, 188, 38, 39, 40, 147, 209, 166, 41, 42, 43, 44, 45, 176, 46, 47, 48, 49, 202, 50, 172, 51, 52, 177, 197, 53, 154, 191, 54, 167, 55, 56, 210, 57, 58, 198, 59, 60, 156, 61, 145, 62, 63, 194, 64, 65, 146, 226, 178, 66, 67, 164, 180, 68, 151, 69, 211, 70, 171, 205, 149, 169, 199, 71, 217, 72, 174, 73, 74, 75, 182, 158, 190, 204, 76, 77, 187, 78, 212, 79, 183, 173, 80, 81, 82, 83, 200, 219, 84, 85, 181, 86, 87, 88, 89, 196, 90, 91, 92, 93, 163, 94, 162, 95, 96, 168, 97, 193, 165, 98, 99, 148, 157, 222, 207, 100, 101, 102, 153, 103, 104, 105, 106, 107, 108, 109, 215, 110, 150, 111, 112, 113, 114, 115, 179, 116, 117, 118, 155, 203, 119, 120, 121, 161, 122, 123, 208, 170, 124, 125, 159, 206, 225, 126, 127, 201, 128, 216, 129, 214, 130, 131, 132, 133, 134, 135, 136, 213, 137, 160, 138, 184, 139, 140, 141, 142, 143, 144]
Infantmortality,[162, 226, 225, 161, 73, 224, 133, 6, 71, 7, 64, 53, 166, 223, 222, 108, 221, 77, 130, 114, 43, 76, 46, 30, 51, 178, 220, 82, 141, 155, 32, 219, 17, 179, 1, 60, 89, 218, 54, 217, 81, 123, 127, 15, 37, 137, 216, 215, 0, 20, 145, 214, 181, 147, 67, 66, 151, 113, 88, 105, 213, 86, 95, 16, 212, 62, 211, 18, 184, 27, 103, 210, 24, 3, 8, 104, 110, 116, 61, 36, 106, 98, 13, 209, 111, 69, 208, 2, 158, 118, 135, 207, 35, 183, 206, 149, 55, 205, 175, 85, 150, 22, 174, 167, 21, 92, 11, 65, 10, 165, 83, 4, 26, 100, 38, 144, 91, 96, 204, 177, 19, 117, 29, 33, 59, 138, 94, 152, 44, 23, 142, 84, 203, 146, 202, 25, 80, 14, 171, 12, 126, 201, 115, 124, 52, 63, 31, 200, 5, 134, 160, 131, 107, 125, 119, 199, 40, 148, 173, 198, 90, 153, 122, 41, 74, 197, 112, 168, 139, 68, 196, 159, 195, 48, 34, 78, 50, 172, 128, 47, 132, 194, 70, 97, 193, 157, 87, 170, 56, 192, 191, 190, 72, 189, 58, 28, 121, 180, 9, 164, 109, 45, 57, 188, 101, 143, 42, 182, 79, 169, 187, 154, 120, 176, 163, 136, 99, 75, 129, 102, 186, 93, 185, 49, 156, 39, 140]
Inflation,[4, 225, 224, 223, 80, 140, 152, 62, 135, 123, 72, 70, 114, 222, 221, 37, 180, 124, 165, 15, 81, 75, 74, 68, 41, 174, 220, 138, 154, 127, 120, 219, 55, 130, 35, 17, 31, 178, 52, 218, 171, 156, 20, 36, 56, 151, 217, 216, 136, 175, 14, 215, 98, 159, 12, 129, 147, 45, 118, 11, 214, 51, 54, 115, 213, 106, 212, 99, 103, 66, 57, 211, 133, 1, 146, 23, 50, 131, 117, 8, 78, 63, 91, 210, 65, 142, 209, 42, 141, 77, 176, 208, 116, 158, 207, 38, 3, 206, 111, 150, 226, 86, 73, 104, 82, 100, 134, 162, 88, 170, 29, 83, 139, 43, 132, 157, 112, 205, 204, 10, 94, 7, 27, 24, 122, 13, 203, 6, 26, 46, 9, 33, 202, 201, 200, 32, 59, 79, 40, 153, 199, 198, 58, 53, 95, 144, 145, 169, 85, 92, 101, 90, 97, 69, 105, 197, 16, 148, 196, 195, 166, 128, 110, 93, 76, 194, 47, 87, 48, 89, 193, 126, 192, 34, 25, 39, 191, 125, 113, 168, 155, 190, 121, 2, 149, 167, 172, 119, 107, 189, 188, 187, 164, 96, 60, 30, 18, 186, 44, 177, 21, 64, 161, 185, 28, 173, 49, 179, 22, 137, 184, 183, 67, 182, 109, 143, 5, 61, 71, 108, 181, 102, 160, 0, 163, 84, 19]
Internetusers,[115, 0, 212, 1, 106, 163, 123, 100, 135, 68, 156, 114, 222, 2, 3, 116, 204, 130, 137, 103, 55, 88, 56, 99, 117, 161, 4, 73, 208, 181, 93, 5, 78, 197, 46, 57, 144, 6, 133, 7, 44, 127, 94, 122, 101, 205, 8, 9, 48, 74, 187, 10, 202, 189, 92, 141, 217, 165, 84, 126, 11, 121, 85, 72, 12, 129, 13, 75, 195, 128, 172, 14, 64, 79, 58, 140, 162, 175, 148, 119, 182, 166, 102, 15, 120, 105, 188, 51, 216, 185, 124, 16, 50, 206, 17, 193, 160, 18, 150, 179, 198, 77, 171, 221, 81, 157, 53, 70, 67, 214, 155, 62, 90, 142, 151, 201, 199, 19, 20, 132, 47, 111, 83, 159, 138, 191, 21, 149, 104, 52, 110, 134, 22, 23, 24, 91, 98, 54, 225, 69, 25, 26, 143, 180, 107, 96, 113, 170, 59, 184, 213, 194, 196, 87, 186, 27, 152, 203, 28, 29, 158, 219, 192, 66, 131, 30, 89, 226, 136, 76, 177, 200, 31, 71, 97, 145, 32, 224, 178, 139, 164, 33, 168, 63, 173, 211, 82, 215, 109, 34, 35, 36, 49, 220, 95, 80, 183, 37, 60, 218, 167, 61, 118, 38, 146, 209, 112, 207, 176, 223, 39, 40, 174, 41, 210, 108, 153, 65, 169, 125, 42, 147, 43, 86, 154, 45, 190]
LifeExpectancy,[174, 125, 0, 1, 119, 136, 154, 97, 134, 68, 120, 112, 215, 2, 41, 100, 3, 105, 123, 133, 52, 95, 116, 75, 102, 188, 147, 99, 206, 212, 61, 157, 76, 164, 42, 56, 146, 211, 110, 4, 59, 5, 175, 51, 88, 180, 193, 6, 58, 81, 187, 7, 8, 201, 122, 132, 205, 182, 117, 137, 9, 155, 149, 73, 10, 131, 11, 70, 12, 107, 158, 13, 85, 43, 53, 148, 190, 185, 113, 87, 192, 144, 79, 14, 94, 104, 169, 55, 213, 178, 196, 15, 48, 16, 17, 198, 130, 197, 143, 141, 204, 65, 167, 203, 89, 171, 57, 82, 60, 208, 168, 77, 67, 165, 108, 194, 161, 18, 19, 183, 63, 129, 66, 109, 127, 176, 20, 156, 92, 62, 166, 170, 21, 22, 23, 69, 128, 54, 226, 96, 24, 25, 173, 179, 103, 98, 72, 186, 44, 216, 214, 217, 139, 26, 189, 142, 115, 209, 27, 28, 160, 220, 152, 78, 121, 29, 83, 224, 138, 64, 30, 218, 49, 47, 101, 135, 45, 225, 31, 93, 163, 80, 200, 114, 145, 221, 32, 202, 118, 150, 172, 33, 71, 34, 91, 84, 181, 35, 46, 223, 195, 74, 86, 36, 153, 199, 106, 37, 162, 222, 184, 191, 159, 38, 219, 151, 177, 50, 207, 126, 124, 140, 39, 111, 40, 90, 210]
Literacyrateadulttotal,[0, 1, 2, 3, 200, 4, 5, 141, 221, 145, 192, 6, 7, 8, 9, 185, 10, 142, 165, 186, 140, 11, 169, 207, 203, 12, 13, 14, 15, 201, 143, 16, 177, 17, 138, 18, 216, 19, 147, 20, 21, 22, 23, 136, 175, 189, 202, 24, 174, 197, 25, 26, 27, 28, 187, 29, 30, 31, 168, 32, 33, 199, 148, 153, 34, 35, 215, 198, 36, 191, 37, 38, 152, 39, 40, 180, 213, 163, 194, 214, 41, 224, 42, 43, 211, 157, 44, 45, 46, 225, 47, 48, 49, 50, 51, 172, 212, 52, 53, 54, 55, 161, 56, 57, 58, 220, 134, 59, 170, 60, 205, 61, 62, 63, 144, 64, 65, 66, 67, 68, 139, 69, 70, 206, 181, 188, 71, 72, 159, 167, 73, 150, 74, 75, 76, 77, 219, 137, 78, 79, 80, 81, 82, 83, 84, 85, 149, 184, 135, 86, 87, 151, 88, 89, 171, 90, 162, 91, 92, 93, 183, 94, 210, 155, 95, 96, 160, 97, 164, 98, 99, 100, 173, 146, 209, 190, 101, 102, 103, 182, 104, 105, 218, 106, 107, 108, 109, 110, 193, 111, 112, 113, 154, 114, 115, 156, 116, 117, 158, 118, 195, 166, 196, 119, 120, 217, 121, 122, 204, 123, 124, 125, 208, 126, 127, 226, 223, 178, 128, 129, 130, 176, 131, 132, 222, 179, 133]
Literacyrateyouthtotal,[0, 1, 2, 3, 204, 4, 5, 137, 221, 150, 193, 6, 7, 8, 9, 179, 10, 140, 162, 188, 141, 11, 170, 213, 206, 12, 13, 14, 15, 199, 147, 16, 171, 17, 138, 18, 218, 19, 142, 20, 21, 22, 23, 135, 172, 185, 196, 24, 189, 201, 25, 26, 27, 28, 187, 29, 30, 31, 164, 32, 33, 195, 143, 163, 34, 35, 208, 203, 36, 200, 37, 38, 151, 39, 40, 175, 207, 158, 202, 225, 41, 224, 42, 43, 211, 155, 44, 45, 46, 223, 47, 48, 49, 50, 51, 165, 210, 52, 53, 54, 55, 167, 56, 57, 58, 219, 134, 59, 177, 60, 198, 61, 62, 63, 148, 64, 65, 66, 67, 68, 139, 69, 70, 209, 182, 184, 71, 72, 168, 169, 73, 145, 74, 75, 76, 77, 216, 136, 78, 79, 80, 81, 82, 83, 84, 85, 153, 183, 144, 86, 87, 146, 88, 89, 166, 90, 160, 91, 92, 93, 186, 94, 215, 154, 95, 96, 159, 97, 161, 98, 99, 100, 176, 149, 212, 190, 101, 102, 103, 180, 104, 105, 214, 106, 107, 108, 109, 110, 192, 111, 112, 113, 152, 114, 115, 157, 116, 117, 181, 118, 191, 156, 194, 119, 120, 222, 121, 122, 197, 123, 124, 125, 205, 126, 127, 226, 220, 178, 128, 129, 130, 173, 131, 132, 217, 174, 133]
Longtermunemploymentrate,[226, 45, 225, 224, 223, 222, 14, 221, 220, 219, 218, 217, 31, 216, 215, 214, 213, 212, 211, 210, 209, 208, 207, 206, 205, 204, 203, 202, 37, 201, 200, 199, 198, 197, 196, 195, 46, 194, 193, 192, 191, 190, 189, 188, 187, 186, 10, 185, 184, 183, 11, 182, 181, 180, 179, 178, 41, 12, 177, 176, 175, 174, 173, 172, 171, 170, 169, 168, 167, 166, 165, 164, 163, 162, 161, 160, 39, 159, 158, 157, 26, 20, 156, 155, 154, 153, 152, 151, 36, 23, 150, 149, 148, 147, 146, 145, 144, 24, 143, 142, 3, 141, 140, 27, 139, 30, 138, 137, 136, 17, 29, 135, 134, 18, 133, 2, 6, 132, 131, 130, 129, 128, 127, 19, 126, 1, 125, 32, 124, 123, 122, 121, 120, 119, 118, 117, 116, 115, 44, 114, 113, 112, 111, 110, 109, 108, 107, 106, 105, 4, 21, 0, 104, 103, 5, 102, 101, 7, 100, 99, 98, 34, 97, 96, 95, 94, 93, 42, 15, 92, 91, 13, 90, 89, 88, 87, 86, 33, 85, 84, 16, 83, 82, 81, 80, 35, 79, 40, 43, 78, 77, 76, 75, 74, 73, 72, 9, 71, 70, 38, 69, 68, 67, 66, 65, 64, 63, 62, 22, 25, 61, 60, 59, 58, 28, 57, 56, 55, 8, 54, 53, 52, 51, 50, 49, 48, 47]
Medianage,[207, 101, 0, 1, 104, 137, 72, 128, 155, 106, 109, 60, 217, 2, 3, 118, 4, 131, 52, 141, 94, 91, 78, 51, 110, 182, 122, 69, 223, 184, 127, 166, 82, 5, 132, 68, 107, 224, 90, 6, 84, 7, 174, 85, 49, 212, 178, 8, 79, 87, 201, 9, 10, 187, 120, 63, 196, 213, 73, 160, 11, 86, 159, 77, 12, 126, 13, 100, 14, 114, 15, 16, 81, 57, 66, 145, 138, 172, 136, 108, 200, 154, 119, 17, 135, 65, 163, 53, 188, 215, 180, 18, 47, 19, 20, 205, 146, 211, 97, 157, 186, 50, 198, 206, 143, 139, 70, 71, 92, 225, 194, 112, 117, 142, 115, 189, 179, 21, 22, 199, 67, 170, 55, 144, 169, 216, 23, 197, 83, 62, 192, 156, 24, 25, 26, 48, 96, 95, 185, 105, 27, 28, 153, 149, 61, 29, 75, 177, 93, 218, 220, 203, 167, 30, 191, 98, 130, 222, 31, 32, 181, 193, 134, 89, 111, 33, 162, 214, 133, 58, 34, 210, 129, 116, 147, 123, 35, 226, 36, 125, 150, 148, 171, 140, 161, 204, 37, 221, 102, 59, 168, 38, 99, 39, 74, 76, 209, 40, 88, 219, 190, 80, 54, 41, 124, 175, 103, 42, 164, 202, 173, 43, 165, 44, 195, 64, 183, 121, 208, 113, 158, 152, 45, 56, 46, 151, 176]
MedicalDoctors,[208, 0, 1, 2, 159, 135, 138, 122, 107, 69, 112, 127, 195, 3, 4, 191, 174, 123, 5, 198, 57, 94, 132, 95, 119, 6, 7, 99, 205, 187, 67, 8, 66, 142, 70, 71, 165, 178, 141, 9, 58, 86, 202, 97, 90, 211, 10, 11, 78, 83, 199, 12, 189, 192, 172, 168, 194, 222, 118, 216, 13, 150, 111, 76, 14, 164, 15, 82, 149, 176, 148, 16, 75, 79, 63, 117, 155, 130, 137, 136, 207, 154, 89, 17, 114, 106, 18, 68, 180, 217, 223, 19, 56, 203, 20, 179, 157, 21, 125, 162, 171, 60, 22, 169, 120, 167, 59, 102, 74, 181, 190, 80, 53, 151, 108, 160, 145, 23, 24, 220, 55, 213, 88, 158, 175, 209, 25, 200, 93, 61, 226, 170, 26, 27, 28, 77, 133, 73, 218, 92, 29, 129, 152, 144, 109, 121, 72, 30, 65, 185, 184, 173, 140, 91, 196, 31, 156, 221, 32, 33, 161, 193, 126, 64, 113, 34, 104, 215, 139, 54, 35, 204, 36, 87, 84, 153, 37, 214, 115, 110, 166, 38, 39, 201, 40, 186, 103, 197, 146, 41, 42, 43, 85, 44, 100, 81, 183, 45, 62, 219, 212, 96, 101, 46, 177, 163, 116, 47, 147, 206, 48, 49, 182, 50, 188, 124, 210, 105, 224, 134, 51, 143, 52, 128, 131, 98, 225]
Murder,[47, 44, 226, 87, 148, 225, 14, 124, 81, 82, 149, 32, 128, 224, 223, 145, 222, 117, 221, 94, 45, 80, 100, 35, 153, 220, 23, 171, 120, 168, 79, 85, 78, 103, 12, 163, 2, 219, 159, 218, 77, 160, 147, 56, 34, 33, 70, 217, 55, 92, 67, 216, 215, 169, 144, 104, 13, 89, 172, 39, 214, 41, 31, 75, 213, 22, 212, 66, 180, 140, 146, 211, 71, 9, 138, 130, 43, 175, 166, 129, 112, 11, 107, 210, 4, 174, 209, 38, 109, 90, 54, 208, 30, 176, 207, 136, 7, 151, 127, 157, 150, 20, 155, 83, 114, 50, 49, 141, 5, 167, 110, 74, 119, 16, 170, 142, 72, 206, 205, 63, 36, 18, 26, 152, 158, 29, 179, 6, 25, 10, 121, 111, 204, 203, 202, 21, 24, 60, 164, 98, 173, 201, 154, 177, 1, 115, 73, 200, 46, 106, 134, 137, 183, 199, 105, 59, 133, 113, 198, 197, 162, 99, 93, 64, 19, 91, 68, 131, 69, 62, 196, 126, 17, 57, 97, 0, 195, 123, 95, 156, 27, 194, 40, 65, 193, 118, 165, 161, 8, 192, 135, 191, 53, 190, 42, 86, 122, 189, 37, 125, 58, 84, 15, 188, 3, 116, 96, 187, 52, 132, 143, 186, 108, 185, 101, 182, 48, 28, 139, 181, 51, 88, 184, 61, 178, 76, 102]
Murderedmen,[51, 56, 226, 145, 133, 225, 22, 124, 103, 77, 147, 24, 142, 224, 223, 126, 222, 108, 221, 90, 40, 75, 91, 38, 144, 220, 43, 166, 122, 159, 76, 219, 67, 97, 11, 158, 2, 218, 157, 217, 70, 151, 125, 53, 34, 27, 216, 215, 48, 87, 69, 214, 213, 177, 146, 96, 16, 85, 161, 28, 212, 31, 30, 74, 211, 26, 210, 63, 175, 128, 134, 209, 71, 8, 120, 119, 39, 176, 152, 115, 104, 12, 99, 208, 4, 165, 207, 35, 112, 92, 61, 206, 29, 170, 205, 136, 5, 148, 156, 155, 141, 17, 149, 82, 113, 42, 47, 118, 6, 163, 109, 68, 116, 13, 160, 139, 78, 204, 203, 66, 32, 23, 20, 140, 154, 36, 167, 7, 21, 9, 107, 100, 202, 201, 200, 19, 18, 59, 171, 93, 164, 199, 143, 172, 1, 95, 73, 198, 37, 102, 135, 137, 178, 197, 105, 64, 131, 127, 196, 195, 153, 98, 86, 60, 52, 79, 65, 132, 81, 54, 194, 123, 15, 50, 89, 0, 193, 121, 88, 162, 49, 192, 191, 58, 190, 117, 150, 174, 10, 189, 188, 187, 44, 186, 45, 83, 114, 185, 33, 138, 57, 80, 14, 184, 3, 110, 94, 183, 41, 129, 182, 181, 111, 180, 106, 173, 46, 25, 130, 169, 55, 84, 179, 62, 168, 72, 101]
Murderedwomen,[14, 110, 226, 5, 162, 225, 84, 97, 117, 62, 132, 58, 89, 224, 223, 161, 222, 118, 221, 81, 42, 72, 134, 12, 147, 220, 73, 158, 86, 150, 60, 219, 63, 122, 31, 143, 6, 218, 146, 217, 95, 164, 155, 43, 34, 35, 216, 215, 71, 80, 32, 214, 213, 154, 123, 135, 8, 78, 173, 76, 212, 104, 55, 61, 211, 90, 210, 48, 167, 136, 156, 209, 54, 10, 152, 131, 52, 138, 163, 139, 113, 4, 127, 208, 2, 168, 207, 41, 88, 45, 22, 206, 50, 159, 205, 121, 33, 126, 64, 149, 137, 19, 144, 40, 93, 96, 38, 165, 7, 140, 107, 67, 100, 18, 166, 124, 83, 204, 203, 20, 44, 11, 26, 151, 145, 9, 176, 1, 24, 29, 133, 130, 202, 201, 200, 21, 77, 39, 157, 79, 170, 199, 148, 160, 3, 198, 56, 197, 51, 114, 116, 129, 172, 196, 103, 106, 142, 87, 195, 194, 153, 69, 125, 75, 15, 193, 46, 115, 102, 47, 192, 111, 17, 53, 101, 0, 191, 92, 105, 119, 37, 190, 189, 59, 188, 91, 169, 141, 36, 187, 186, 185, 65, 184, 25, 49, 109, 183, 28, 94, 30, 66, 13, 182, 16, 112, 74, 181, 85, 120, 180, 179, 108, 178, 70, 174, 57, 23, 128, 175, 27, 68, 177, 98, 171, 82, 99]
Oilconsumptionperperson,[53, 226, 225, 224, 223, 222, 221, 59, 49, 220, 3, 219, 10, 218, 217, 216, 215, 214, 213, 56, 212, 211, 210, 209, 31, 208, 207, 206, 21, 205, 204, 203, 202, 201, 200, 199, 34, 198, 197, 196, 195, 194, 193, 192, 191, 190, 189, 188, 187, 186, 38, 185, 184, 183, 182, 181, 4, 28, 180, 46, 179, 178, 177, 176, 175, 47, 174, 173, 172, 50, 171, 170, 169, 168, 167, 166, 165, 8, 164, 163, 26, 162, 161, 160, 42, 159, 158, 157, 23, 32, 156, 155, 154, 153, 152, 151, 45, 30, 150, 149, 17, 148, 147, 11, 60, 146, 145, 144, 143, 18, 41, 142, 141, 140, 139, 29, 138, 137, 136, 33, 135, 44, 134, 48, 58, 133, 132, 37, 131, 130, 129, 128, 127, 126, 125, 124, 55, 123, 6, 61, 122, 121, 120, 119, 118, 117, 116, 115, 114, 19, 20, 25, 2, 113, 43, 112, 51, 111, 110, 109, 108, 5, 36, 107, 106, 105, 104, 12, 103, 102, 101, 16, 100, 99, 57, 54, 98, 9, 97, 96, 95, 94, 93, 40, 92, 13, 91, 90, 89, 88, 87, 86, 85, 84, 83, 82, 81, 80, 79, 15, 78, 77, 76, 75, 27, 0, 52, 74, 39, 7, 73, 24, 1, 72, 14, 71, 35, 70, 22, 69, 68, 67, 66, 65, 64, 63, 62]
Populationgrowth,[186, 225, 153, 224, 18, 61, 29, 41, 101, 46, 8, 34, 172, 223, 222, 87, 132, 100, 118, 60, 35, 39, 21, 76, 65, 163, 221, 20, 175, 130, 19, 220, 104, 142, 92, 64, 79, 154, 16, 219, 108, 144, 137, 52, 15, 185, 218, 217, 30, 36, 179, 216, 123, 162, 63, 6, 135, 189, 138, 102, 215, 58, 121, 40, 214, 69, 213, 48, 9, 83, 113, 212, 27, 31, 44, 105, 50, 1, 107, 84, 174, 141, 99, 148, 89, 32, 95, 23, 134, 190, 149, 211, 17, 146, 210, 166, 94, 209, 176, 4, 145, 28, 187, 170, 93, 74, 57, 5, 11, 183, 180, 77, 70, 140, 91, 167, 181, 115, 208, 184, 45, 133, 22, 96, 124, 188, 207, 173, 38, 80, 160, 125, 206, 205, 204, 14, 47, 90, 126, 82, 203, 66, 111, 13, 49, 106, 25, 122, 78, 165, 178, 147, 0, 120, 157, 202, 86, 171, 7, 201, 177, 128, 51, 53, 158, 200, 81, 155, 131, 37, 10, 156, 199, 103, 98, 85, 59, 169, 182, 55, 67, 198, 151, 72, 62, 168, 54, 139, 114, 3, 197, 12, 97, 159, 42, 43, 226, 196, 75, 150, 164, 26, 73, 195, 33, 24, 71, 117, 110, 152, 194, 193, 2, 192, 116, 136, 129, 88, 161, 112, 191, 127, 143, 68, 119, 109, 56]
Populationtotal,[20, 82, 195, 211, 107, 170, 168, 7, 18, 94, 51, 98, 88, 183, 212, 131, 192, 177, 127, 39, 85, 136, 42, 146, 22, 149, 175, 161, 74, 144, 143, 178, 133, 185, 106, 87, 11, 174, 132, 23, 145, 210, 119, 9, 34, 135, 169, 214, 126, 154, 110, 220, 203, 159, 97, 114, 2, 70, 172, 81, 191, 102, 46, 109, 218, 67, 209, 53, 194, 17, 188, 219, 129, 59, 41, 12, 120, 151, 76, 83, 61, 138, 80, 201, 27, 173, 176, 73, 111, 56, 62, 226, 75, 199, 225, 130, 5, 57, 180, 150, 108, 86, 64, 92, 1, 125, 65, 153, 55, 10, 32, 37, 152, 124, 33, 91, 162, 224, 223, 63, 21, 48, 77, 19, 0, 123, 222, 4, 35, 89, 93, 122, 213, 139, 207, 43, 16, 84, 163, 8, 215, 196, 116, 165, 72, 189, 78, 184, 68, 14, 13, 24, 128, 221, 25, 179, 36, 58, 206, 217, 104, 30, 44, 101, 147, 193, 142, 100, 155, 118, 202, 15, 121, 141, 3, 29, 90, 69, 186, 167, 164, 166, 112, 113, 171, 6, 197, 156, 95, 182, 158, 198, 66, 190, 137, 50, 96, 208, 49, 79, 115, 54, 71, 216, 40, 117, 31, 200, 52, 47, 160, 38, 134, 204, 45, 181, 28, 157, 60, 148, 103, 140, 187, 105, 205, 26, 99]
Populationdensity,[83, 226, 137, 14, 198, 115, 182, 53, 69, 118, 185, 122, 55, 225, 224, 201, 205, 59, 16, 120, 190, 200, 125, 117, 141, 116, 223, 171, 73, 81, 87, 202, 111, 47, 109, 177, 124, 6, 189, 222, 110, 19, 71, 66, 127, 136, 34, 221, 153, 35, 103, 220, 13, 4, 138, 130, 146, 86, 101, 91, 219, 174, 26, 99, 218, 135, 67, 149, 70, 105, 50, 204, 199, 181, 145, 43, 102, 121, 114, 187, 60, 32, 27, 1, 142, 169, 33, 96, 167, 57, 78, 217, 186, 0, 216, 75, 161, 215, 23, 7, 106, 31, 62, 163, 24, 139, 131, 155, 132, 29, 77, 54, 173, 38, 112, 64, 10, 49, 214, 113, 119, 188, 175, 97, 61, 126, 82, 180, 172, 44, 94, 76, 213, 212, 98, 95, 42, 148, 195, 8, 166, 37, 22, 123, 89, 79, 129, 12, 183, 41, 25, 90, 150, 164, 58, 211, 162, 18, 133, 3, 93, 193, 107, 178, 191, 210, 192, 168, 194, 147, 72, 65, 209, 143, 80, 144, 208, 152, 74, 9, 159, 203, 15, 184, 179, 21, 39, 48, 30, 28, 36, 92, 108, 5, 197, 100, 84, 63, 158, 46, 157, 156, 151, 52, 154, 2, 176, 45, 160, 17, 20, 207, 85, 68, 196, 51, 170, 165, 88, 128, 206, 11, 56, 140, 134, 104, 40]
Poverty,[59, 226, 225, 224, 223, 222, 42, 41, 38, 221, 220, 23, 219, 218, 217, 216, 215, 214, 213, 212, 211, 33, 210, 209, 208, 75, 207, 206, 205, 204, 203, 202, 201, 200, 199, 198, 40, 197, 196, 195, 194, 193, 37, 9, 14, 67, 192, 191, 190, 27, 69, 189, 188, 187, 34, 50, 186, 185, 184, 68, 183, 56, 25, 182, 181, 44, 180, 22, 179, 45, 178, 177, 24, 19, 176, 35, 52, 175, 55, 39, 174, 47, 173, 172, 31, 171, 170, 20, 169, 73, 168, 167, 8, 166, 165, 77, 29, 164, 163, 162, 161, 13, 72, 160, 3, 53, 159, 158, 21, 157, 60, 10, 156, 51, 155, 70, 154, 153, 152, 71, 17, 54, 12, 62, 6, 66, 151, 61, 150, 4, 32, 64, 149, 148, 147, 7, 16, 146, 145, 1, 144, 143, 142, 141, 36, 140, 139, 138, 137, 136, 135, 134, 133, 132, 65, 131, 49, 130, 129, 128, 74, 127, 48, 18, 126, 125, 124, 123, 122, 121, 120, 119, 118, 117, 2, 26, 116, 115, 114, 113, 112, 111, 110, 15, 109, 108, 107, 106, 46, 105, 104, 103, 28, 102, 101, 5, 76, 100, 11, 99, 63, 0, 98, 97, 43, 96, 30, 95, 58, 94, 93, 92, 91, 90, 89, 88, 57, 87, 86, 85, 84, 83, 82, 81, 80, 79, 78]
Ratioofgirlstoboysinprimaryandsecondaryeducation,[129, 226, 225, 224, 81, 118, 156, 130, 74, 169, 172, 79, 84, 223, 222, 55, 221, 39, 136, 154, 144, 121, 103, 58, 89, 161, 220, 135, 76, 141, 111, 219, 0, 69, 116, 134, 53, 218, 94, 217, 167, 216, 163, 98, 71, 126, 215, 214, 119, 159, 142, 213, 212, 54, 157, 38, 102, 41, 62, 131, 211, 50, 64, 114, 210, 37, 209, 86, 165, 90, 9, 208, 124, 112, 146, 72, 18, 4, 80, 152, 51, 28, 207, 206, 150, 57, 205, 87, 20, 40, 31, 204, 117, 203, 202, 140, 23, 201, 45, 56, 14, 77, 147, 5, 99, 27, 106, 109, 108, 132, 43, 125, 122, 61, 104, 139, 7, 200, 199, 151, 110, 149, 78, 88, 85, 127, 198, 171, 97, 96, 133, 73, 197, 196, 195, 101, 100, 145, 70, 115, 194, 193, 123, 29, 75, 35, 95, 153, 107, 46, 19, 17, 63, 168, 36, 192, 92, 26, 166, 191, 170, 33, 82, 105, 32, 190, 65, 25, 6, 155, 3, 16, 189, 120, 66, 11, 188, 10, 52, 138, 128, 187, 186, 185, 184, 24, 164, 21, 42, 183, 182, 181, 158, 15, 2, 93, 137, 180, 113, 91, 8, 68, 67, 179, 12, 178, 83, 162, 34, 48, 177, 176, 49, 175, 143, 30, 13, 160, 47, 22, 174, 44, 173, 1, 148, 59, 60]
Renewablewater,[94, 128, 0, 1, 72, 2, 216, 114, 159, 150, 74, 186, 88, 3, 4, 182, 226, 185, 81, 92, 158, 176, 143, 151, 123, 5, 6, 218, 164, 89, 165, 225, 105, 85, 199, 119, 149, 7, 87, 8, 9, 10, 90, 134, 100, 138, 11, 12, 217, 120, 130, 13, 14, 70, 96, 79, 168, 107, 15, 109, 16, 211, 124, 140, 17, 200, 18, 188, 19, 91, 20, 21, 152, 179, 139, 175, 197, 76, 84, 214, 153, 126, 106, 22, 97, 23, 24, 111, 212, 163, 133, 25, 144, 26, 27, 28, 204, 29, 30, 78, 174, 102, 31, 184, 113, 206, 99, 86, 160, 103, 161, 170, 220, 136, 93, 32, 77, 33, 34, 121, 35, 129, 178, 137, 116, 154, 36, 177, 122, 115, 148, 172, 37, 38, 39, 141, 162, 196, 224, 169, 40, 41, 95, 194, 171, 42, 146, 43, 173, 125, 110, 118, 75, 44, 98, 45, 213, 101, 46, 47, 142, 215, 193, 221, 223, 82, 219, 210, 222, 48, 49, 132, 202, 192, 181, 205, 50, 183, 51, 71, 69, 52, 104, 127, 53, 131, 54, 157, 145, 55, 56, 57, 201, 58, 166, 135, 167, 59, 180, 156, 198, 191, 112, 60, 208, 73, 83, 61, 207, 147, 62, 63, 68, 64, 190, 65, 187, 209, 155, 195, 108, 117, 66, 203, 67, 189, 80]
Residentialelectricityuseperperson,[61, 58, 226, 225, 44, 224, 223, 103, 82, 119, 16, 93, 18, 222, 221, 94, 220, 219, 218, 91, 217, 216, 52, 215, 57, 214, 213, 212, 19, 32, 211, 210, 209, 208, 207, 206, 76, 205, 26, 204, 203, 202, 70, 110, 112, 46, 201, 200, 199, 198, 67, 197, 196, 37, 83, 62, 5, 29, 195, 55, 194, 71, 106, 111, 193, 85, 192, 113, 191, 77, 190, 189, 188, 105, 187, 102, 45, 8, 88, 95, 41, 33, 120, 27, 47, 186, 185, 184, 7, 38, 66, 183, 182, 181, 180, 40, 64, 31, 179, 6, 21, 178, 39, 9, 108, 63, 177, 176, 109, 20, 72, 121, 175, 79, 97, 43, 174, 173, 172, 74, 124, 86, 100, 78, 99, 59, 171, 51, 116, 170, 69, 73, 169, 168, 167, 166, 101, 165, 10, 115, 164, 163, 56, 24, 98, 162, 114, 161, 160, 35, 13, 34, 2, 159, 50, 158, 84, 14, 157, 156, 54, 3, 80, 155, 154, 153, 60, 0, 152, 123, 151, 15, 150, 149, 104, 68, 148, 4, 147, 146, 145, 144, 143, 90, 142, 17, 141, 22, 89, 140, 139, 138, 122, 137, 92, 107, 42, 136, 118, 12, 48, 135, 87, 134, 49, 36, 75, 133, 65, 25, 132, 30, 1, 131, 11, 130, 53, 129, 28, 128, 81, 127, 126, 96, 125, 117, 23]
Suicideage15to29,[28, 226, 225, 224, 223, 222, 221, 220, 219, 218, 217, 216, 16, 215, 214, 213, 212, 211, 210, 46, 209, 208, 207, 206, 205, 204, 203, 202, 6, 63, 201, 200, 199, 198, 197, 196, 47, 195, 194, 193, 192, 191, 190, 189, 188, 26, 187, 186, 185, 184, 10, 183, 182, 181, 180, 179, 19, 34, 178, 62, 177, 57, 0, 176, 175, 174, 173, 172, 171, 64, 170, 169, 168, 167, 166, 165, 35, 164, 163, 162, 41, 14, 161, 160, 159, 158, 157, 156, 7, 4, 9, 155, 154, 153, 152, 29, 54, 40, 151, 58, 27, 150, 56, 1, 149, 51, 148, 147, 146, 52, 53, 145, 144, 143, 142, 50, 141, 140, 139, 22, 138, 8, 137, 136, 135, 15, 134, 3, 133, 132, 59, 131, 130, 129, 128, 127, 61, 126, 125, 124, 123, 122, 121, 120, 48, 119, 118, 117, 116, 43, 36, 45, 115, 114, 21, 113, 112, 20, 111, 110, 49, 12, 109, 108, 107, 106, 105, 18, 104, 103, 102, 23, 101, 100, 99, 32, 98, 11, 97, 96, 95, 94, 93, 42, 92, 2, 91, 90, 89, 88, 87, 86, 85, 84, 83, 82, 38, 81, 80, 5, 17, 79, 78, 77, 30, 31, 76, 75, 24, 37, 74, 73, 60, 72, 13, 71, 33, 70, 55, 69, 39, 25, 68, 67, 66, 65, 44]
Taxrevenue,[145, 112, 0, 1, 2, 3, 206, 152, 128, 130, 4, 122, 224, 5, 6, 181, 7, 8, 9, 10, 11, 223, 12, 184, 115, 13, 14, 15, 188, 225, 16, 17, 226, 18, 141, 19, 154, 20, 114, 21, 22, 23, 127, 93, 195, 174, 24, 25, 92, 26, 150, 27, 149, 165, 108, 208, 103, 211, 28, 105, 29, 153, 179, 117, 30, 222, 31, 137, 32, 185, 220, 33, 34, 35, 96, 36, 104, 138, 209, 119, 193, 171, 37, 38, 194, 187, 39, 40, 178, 204, 41, 42, 43, 44, 45, 210, 170, 160, 216, 102, 212, 134, 120, 200, 139, 147, 107, 46, 121, 136, 124, 133, 125, 161, 159, 113, 151, 47, 48, 213, 132, 129, 197, 109, 116, 157, 49, 118, 50, 168, 148, 156, 51, 52, 53, 123, 175, 54, 189, 100, 55, 56, 140, 57, 144, 58, 163, 59, 135, 203, 221, 146, 95, 60, 131, 218, 169, 215, 61, 62, 143, 172, 162, 205, 63, 207, 64, 201, 65, 66, 67, 198, 98, 68, 167, 106, 69, 199, 70, 173, 177, 71, 72, 73, 74, 97, 75, 186, 110, 76, 77, 78, 101, 79, 191, 166, 214, 80, 81, 142, 192, 126, 219, 82, 164, 176, 180, 83, 158, 202, 84, 85, 94, 86, 182, 87, 111, 88, 190, 217, 155, 89, 90, 183, 91, 99, 196]
Teenfertilityrate,[178, 221, 57, 182, 22, 87, 174, 204, 79, 192, 32, 222, 135, 0, 1, 41, 205, 122, 102, 62, 189, 129, 134, 139, 110, 35, 153, 115, 169, 31, 138, 163, 130, 151, 196, 117, 214, 27, 30, 2, 109, 99, 114, 164, 207, 160, 61, 65, 179, 97, 137, 3, 23, 73, 84, 58, 197, 198, 64, 85, 4, 208, 74, 120, 5, 216, 128, 171, 25, 83, 140, 6, 133, 191, 176, 51, 213, 68, 29, 209, 158, 104, 201, 54, 105, 91, 155, 173, 180, 190, 206, 7, 211, 8, 9, 63, 203, 184, 142, 53, 108, 75, 76, 101, 143, 218, 188, 48, 170, 145, 168, 157, 90, 131, 50, 187, 123, 10, 11, 144, 132, 89, 181, 92, 166, 69, 12, 156, 111, 44, 100, 43, 13, 14, 36, 185, 195, 186, 193, 225, 67, 124, 34, 78, 223, 119, 220, 106, 226, 86, 172, 88, 52, 15, 55, 154, 210, 103, 37, 16, 49, 28, 141, 113, 121, 152, 148, 127, 77, 126, 149, 107, 161, 162, 82, 212, 17, 72, 146, 66, 125, 18, 147, 39, 38, 33, 19, 95, 219, 175, 42, 150, 94, 59, 93, 217, 46, 71, 183, 80, 199, 177, 118, 20, 215, 24, 60, 26, 202, 81, 70, 159, 56, 112, 165, 40, 200, 167, 136, 116, 98, 194, 21, 224, 96, 45, 47]
TotalGDPUS,[173, 0, 64, 1, 163, 106, 71, 186, 196, 96, 205, 136, 204, 2, 3, 78, 75, 4, 91, 150, 93, 109, 141, 83, 193, 66, 5, 59, 206, 137, 72, 6, 70, 68, 84, 7, 216, 100, 164, 8, 52, 48, 89, 180, 153, 111, 9, 10, 82, 54, 140, 11, 69, 107, 76, 138, 226, 157, 56, 129, 12, 134, 161, 85, 13, 165, 14, 149, 81, 190, 67, 15, 86, 144, 16, 170, 160, 155, 168, 142, 195, 146, 95, 17, 201, 57, 18, 87, 177, 182, 174, 19, 97, 103, 20, 156, 218, 21, 61, 133, 179, 94, 119, 198, 215, 151, 102, 62, 148, 224, 176, 123, 60, 143, 175, 171, 105, 22, 23, 145, 135, 162, 117, 210, 220, 147, 24, 207, 152, 77, 132, 110, 25, 26, 27, 122, 189, 99, 139, 178, 28, 29, 154, 128, 167, 49, 124, 80, 101, 221, 223, 217, 191, 131, 197, 30, 184, 209, 31, 32, 108, 219, 188, 115, 73, 33, 126, 203, 74, 63, 34, 222, 35, 55, 202, 192, 36, 211, 58, 65, 130, 37, 181, 113, 98, 225, 51, 166, 158, 38, 39, 40, 104, 112, 118, 125, 159, 41, 116, 208, 169, 120, 127, 42, 200, 187, 183, 92, 185, 213, 43, 44, 172, 45, 214, 53, 212, 88, 199, 90, 46, 114, 79, 121, 50, 47, 194]
TotalhealthspendingperpersonUS,[127, 0, 1, 173, 152, 2, 133, 65, 118, 75, 170, 112, 221, 3, 4, 103, 5, 109, 6, 87, 66, 139, 114, 122, 138, 154, 7, 100, 219, 197, 67, 8, 94, 174, 85, 54, 169, 9, 158, 10, 92, 167, 113, 99, 73, 183, 11, 12, 61, 69, 176, 13, 212, 195, 68, 143, 226, 147, 120, 123, 14, 125, 95, 77, 15, 132, 16, 93, 205, 110, 164, 17, 82, 107, 64, 88, 168, 196, 135, 105, 201, 179, 78, 18, 166, 108, 19, 63, 202, 186, 155, 20, 58, 222, 21, 199, 172, 22, 162, 184, 213, 72, 160, 210, 80, 165, 70, 101, 98, 218, 148, 23, 104, 140, 117, 189, 187, 24, 25, 141, 56, 134, 89, 163, 115, 177, 156, 153, 97, 59, 128, 131, 26, 27, 28, 79, 96, 74, 220, 29, 193, 30, 175, 185, 126, 124, 90, 31, 76, 206, 207, 204, 194, 91, 180, 32, 130, 214, 33, 34, 151, 211, 142, 84, 116, 35, 137, 224, 145, 57, 36, 217, 37, 71, 83, 149, 38, 215, 146, 150, 198, 39, 40, 106, 41, 209, 171, 225, 136, 42, 43, 44, 81, 45, 159, 86, 188, 46, 62, 223, 181, 60, 102, 47, 161, 192, 119, 48, 178, 216, 49, 50, 191, 51, 208, 129, 182, 157, 203, 121, 52, 144, 53, 111, 190, 55, 200]
Tradebalance,[127, 69, 130, 131, 220, 51, 80, 76, 116, 21, 224, 46, 189, 132, 133, 41, 134, 135, 5, 123, 61, 93, 136, 56, 183, 38, 44, 26, 186, 72, 27, 137, 0, 50, 67, 6, 115, 138, 222, 139, 140, 141, 31, 208, 83, 108, 142, 143, 15, 7, 97, 144, 145, 60, 37, 3, 107, 92, 59, 207, 146, 79, 54, 75, 147, 114, 148, 125, 149, 63, 81, 150, 18, 215, 35, 84, 86, 218, 105, 117, 58, 219, 32, 151, 199, 66, 152, 22, 181, 120, 82, 153, 62, 154, 155, 126, 187, 182, 13, 216, 194, 36, 65, 197, 106, 206, 19, 57, 213, 185, 91, 53, 29, 42, 71, 104, 74, 156, 157, 102, 68, 205, 195, 96, 193, 95, 158, 209, 90, 25, 34, 20, 159, 160, 161, 88, 98, 101, 99, 64, 162, 163, 17, 226, 70, 1, 40, 47, 28, 184, 113, 100, 198, 164, 112, 23, 118, 190, 165, 166, 11, 196, 217, 111, 49, 16, 221, 211, 52, 9, 167, 129, 43, 4, 202, 122, 168, 201, 12, 73, 121, 169, 10, 212, 77, 188, 170, 223, 48, 171, 172, 173, 85, 110, 94, 55, 103, 174, 24, 204, 124, 30, 87, 175, 214, 210, 200, 176, 191, 203, 177, 178, 225, 179, 119, 2, 192, 128, 39, 78, 33, 89, 180, 8, 14, 109, 45]
Trafficdeaths,[63, 40, 226, 101, 109, 225, 50, 144, 110, 105, 99, 146, 20, 224, 223, 51, 222, 79, 221, 96, 64, 106, 2, 80, 31, 220, 127, 171, 6, 126, 103, 219, 134, 170, 32, 119, 18, 218, 149, 217, 139, 150, 156, 84, 74, 62, 216, 215, 70, 128, 39, 214, 160, 179, 175, 94, 3, 41, 164, 125, 213, 140, 87, 97, 212, 143, 211, 82, 152, 210, 158, 209, 92, 19, 67, 142, 15, 120, 90, 121, 5, 11, 165, 208, 49, 167, 207, 104, 9, 22, 34, 206, 57, 159, 205, 60, 37, 112, 178, 81, 28, 58, 161, 23, 117, 52, 71, 66, 27, 135, 102, 130, 131, 147, 114, 98, 151, 204, 203, 46, 89, 53, 77, 155, 118, 16, 163, 21, 38, 48, 124, 154, 202, 145, 201, 65, 123, 69, 169, 132, 168, 200, 47, 138, 78, 174, 93, 199, 68, 12, 36, 25, 86, 198, 30, 162, 141, 8, 197, 196, 177, 7, 136, 122, 88, 148, 85, 45, 76, 116, 195, 10, 54, 75, 107, 14, 194, 35, 172, 83, 115, 193, 192, 100, 191, 33, 153, 157, 61, 190, 189, 188, 113, 187, 95, 108, 72, 186, 73, 13, 44, 111, 56, 185, 0, 42, 129, 184, 24, 26, 183, 182, 1, 181, 4, 173, 43, 55, 17, 176, 59, 29, 180, 137, 166, 133, 91]
UrbanpopulationTotal,[63, 226, 136, 225, 56, 81, 96, 141, 149, 144, 51, 118, 16, 224, 223, 80, 28, 114, 60, 117, 166, 148, 62, 170, 79, 109, 222, 180, 49, 70, 126, 221, 176, 128, 139, 146, 48, 131, 84, 220, 164, 130, 61, 134, 174, 46, 39, 219, 121, 157, 66, 218, 22, 7, 137, 45, 29, 64, 163, 86, 217, 102, 169, 150, 216, 90, 215, 125, 12, 110, 105, 214, 143, 132, 172, 161, 97, 6, 78, 88, 101, 181, 145, 213, 85, 167, 17, 186, 15, 59, 42, 212, 178, 3, 211, 106, 43, 210, 129, 11, 76, 189, 108, 36, 155, 74, 179, 38, 120, 35, 100, 188, 173, 104, 107, 93, 116, 77, 209, 67, 182, 82, 127, 87, 147, 53, 208, 44, 156, 190, 89, 119, 207, 206, 205, 187, 111, 154, 8, 171, 204, 23, 34, 58, 115, 133, 124, 95, 159, 50, 26, 37, 25, 184, 71, 203, 52, 4, 54, 202, 123, 27, 99, 185, 142, 201, 68, 40, 72, 175, 2, 32, 200, 152, 140, 57, 183, 18, 69, 158, 31, 199, 33, 103, 75, 30, 65, 24, 94, 198, 197, 19, 177, 1, 138, 122, 98, 196, 165, 55, 10, 162, 151, 195, 21, 0, 92, 168, 20, 41, 194, 193, 5, 192, 13, 160, 14, 135, 73, 113, 191, 112, 83, 91, 47, 153, 9]
Urbanpopulationgrowth,[166, 226, 129, 225, 31, 103, 116, 70, 95, 12, 15, 51, 173, 224, 223, 71, 127, 54, 134, 111, 32, 55, 62, 19, 65, 98, 222, 17, 185, 105, 11, 221, 10, 179, 73, 61, 96, 189, 7, 220, 69, 104, 140, 35, 14, 181, 184, 219, 38, 64, 149, 218, 115, 182, 123, 34, 146, 153, 158, 124, 217, 77, 155, 24, 216, 67, 215, 27, 63, 113, 112, 214, 6, 8, 36, 84, 72, 1, 102, 85, 141, 176, 57, 213, 108, 46, 89, 23, 152, 186, 151, 212, 25, 167, 211, 133, 88, 210, 168, 29, 142, 3, 190, 156, 94, 78, 9, 21, 16, 188, 160, 22, 4, 126, 86, 144, 172, 118, 209, 131, 42, 139, 45, 82, 66, 180, 208, 163, 37, 20, 164, 109, 207, 206, 205, 13, 83, 41, 136, 18, 204, 100, 97, 47, 79, 80, 60, 159, 44, 175, 187, 143, 0, 117, 162, 203, 90, 183, 33, 202, 120, 137, 43, 39, 178, 201, 26, 145, 122, 53, 76, 154, 200, 58, 50, 87, 75, 174, 138, 28, 92, 199, 119, 114, 81, 157, 68, 148, 110, 198, 197, 48, 56, 177, 2, 52, 165, 196, 5, 147, 170, 30, 49, 195, 74, 99, 59, 169, 121, 150, 194, 193, 40, 192, 132, 128, 130, 93, 161, 106, 191, 135, 171, 91, 125, 107, 101]
YearlyCO2emission,[20, 226, 151, 175, 55, 152, 161, 35, 29, 132, 18, 102, 43, 225, 224, 84, 149, 181, 150, 44, 164, 135, 41, 148, 14, 144, 223, 173, 39, 96, 165, 154, 222, 158, 140, 155, 12, 221, 70, 220, 185, 219, 121, 42, 89, 81, 110, 218, 141, 183, 87, 217, 216, 123, 124, 76, 0, 38, 176, 65, 215, 113, 90, 142, 214, 69, 191, 105, 166, 30, 162, 177, 129, 78, 120, 47, 100, 61, 71, 86, 52, 64, 134, 168, 11, 180, 213, 145, 62, 33, 59, 212, 147, 211, 210, 88, 16, 209, 174, 73, 56, 153, 83, 45, 4, 99, 146, 159, 95, 2, 23, 128, 171, 82, 63, 68, 139, 27, 208, 58, 104, 31, 111, 22, 1, 101, 190, 5, 93, 169, 107, 98, 207, 15, 192, 131, 48, 137, 118, 67, 193, 206, 75, 94, 92, 189, 106, 138, 157, 9, 6, 17, 40, 80, 10, 205, 60, 25, 188, 204, 79, 7, 32, 117, 125, 203, 108, 54, 119, 167, 163, 8, 202, 170, 19, 46, 201, 34, 182, 160, 109, 172, 200, 66, 115, 3, 186, 72, 103, 199, 136, 198, 126, 156, 116, 97, 77, 187, 114, 49, 91, 130, 74, 197, 28, 57, 36, 196, 50, 21, 127, 24, 51, 184, 13, 178, 26, 133, 37, 143, 195, 122, 194, 112, 179, 85, 53]
TotalRank,[112.12244897959184, 120.3061224489796, 124.65306122448979, 101.91836734693878, 107.46938775510205, 121.95918367346938, 106.71428571428571, 104.42857142857143, 129.87755102040816, 108.20408163265306, 106.87755102040816, 110.3265306122449, 121.79591836734694, 118.71428571428571, 120.08163265306122, 118.20408163265306, 129.9795918367347, 115.10204081632654, 112.26530612244898, 108.44897959183673, 107.93877551020408, 118.0204081632653, 94.46938775510205, 111.65306122448979, 109.36734693877551, 117.48979591836735, 111.79591836734694, 109.20408163265306, 128.9591836734694, 133.46938775510205, 112.51020408163265, 128.08163265306123, 113.04081632653062, 118.24489795918367, 109.65306122448979, 100.55102040816327, 105.55102040816327, 130.14285714285714, 109.77551020408163, 114.65306122448979, 107.16326530612245, 125.0, 116.3061224489796, 107.16326530612245, 109.59183673469387, 132.83673469387756, 108.42857142857143, 120.6734693877551, 105.93877551020408, 112.79591836734694, 115.59183673469387, 118.28571428571429, 133.59183673469389, 122.89795918367346, 115.59183673469387, 97.38775510204081, 114.34693877551021, 109.20408163265306, 113.75510204081633, 99.20408163265306, 121.81632653061224, 115.40816326530613, 108.93877551020408, 103.42857142857143, 117.9795918367347, 109.0, 125.83673469387755, 112.20408163265306, 119.79591836734694, 104.57142857142857, 113.53061224489795, 112.63265306122449, 106.20408163265306, 98.93877551020408, 98.79591836734694, 116.93877551020408, 117.36734693877551, 106.18367346938776, 119.0, 123.0, 114.04081632653062, 112.65306122448979, 104.12244897959184, 105.0204081632653, 114.28571428571429, 115.79591836734694, 123.0204081632653, 94.10204081632654, 120.55102040816327, 122.40816326530613, 108.9795918367347, 125.46938775510205, 99.57142857142857, 130.20408163265307, 125.18367346938776, 127.34693877551021, 115.0204081632653, 118.65306122448979, 118.6938775510204, 99.48979591836735, 126.65306122448979, 98.63265306122449, 105.63265306122449, 123.3061224489796, 105.06122448979592, 121.36734693877551, 102.85714285714286, 103.91836734693878, 105.59183673469387, 131.46938775510205, 120.40816326530613, 100.55102040816327, 105.53061224489795, 110.9795918367347, 112.81632653061224, 119.22448979591837, 119.71428571428571, 95.59183673469387, 118.08163265306122, 113.3265306122449, 96.0, 108.87755102040816, 101.48979591836735, 111.34693877551021, 120.20408163265306, 121.34693877551021, 113.04081632653062, 111.28571428571429, 97.57142857142857, 97.93877551020408, 116.38775510204081, 109.24489795918367, 116.93877551020408, 103.0, 114.77551020408163, 99.22448979591837, 111.79591836734694, 105.73469387755102, 131.89795918367346, 105.20408163265306, 117.63265306122449, 114.6938775510204, 106.3061224489796, 119.63265306122449, 102.46938775510205, 97.16326530612245, 106.63265306122449, 124.95918367346938, 102.89795918367346, 122.48979591836735, 121.18367346938776, 120.28571428571429, 102.46938775510205, 112.89795918367346, 112.75510204081633, 111.04081632653062, 120.34693877551021, 120.85714285714286, 108.61224489795919, 112.65306122448979, 120.22448979591837, 119.55102040816327, 126.61224489795919, 114.9795918367347, 108.55102040816327, 109.08163265306122, 113.10204081632654, 131.77551020408163, 111.04081632653062, 91.18367346938776, 110.04081632653062, 122.04081632653062, 110.42857142857143, 99.73469387755102, 108.22448979591837, 110.10204081632654, 103.14285714285714, 129.6122448979592, 110.04081632653062, 111.57142857142857, 113.71428571428571, 114.28571428571429, 118.79591836734694, 102.40816326530613, 121.0204081632653, 120.20408163265306, 104.24489795918367, 129.77551020408163, 107.46938775510205, 115.44897959183673, 116.20408163265306, 109.89795918367346, 105.71428571428571, 107.28571428571429, 106.0, 102.93877551020408, 122.71428571428571, 113.85714285714286, 96.3061224489796, 129.59183673469389, 124.91836734693878, 108.55102040816327, 99.95918367346938, 112.83673469387755, 102.34693877551021, 115.81632653061224, 100.95918367346938, 127.79591836734694, 114.6938775510204, 125.28571428571429, 117.3265306122449, 105.0, 97.73469387755102, 110.06122448979592, 125.14285714285714, 107.3061224489796, 118.95918367346938, 103.89795918367346, 124.0, 117.89795918367346, 108.55102040816327, 113.55102040816327, 119.42857142857143, 98.42857142857143, 114.3061224489796, 98.79591836734694, 110.57142857142857]